weather_id,timestamp,temp,condition
0,2026-01-01 00:00:00,19.3,Cloudy
1,2026-01-01 01:00:00,22.9,Cloudy
2,2026-01-01 02:00:00,18.3,Sunny
3,2026-01-01 03:00:00,21.6,Rainy
4,2026-01-01 04:00:00,22.5,Rainy
5,2026-01-01 05:00:00,21.8,Cloudy
6,2026-01-01 06:00:00,15.6,Rainy
7,2026-01-01 07:00:00,19.1,Cloudy
8,2026-01-01 08:00:00,16.5,Cloudy
9,2026-01-01 09:00:00,15.5,Cloudy
10,2026-01-01 10:00:00,18.3,Cloudy
11,2026-01-01 11:00:00,20.9,Rainy
12,2026-01-01 12:00:00,20.1,Rainy
13,2026-01-01 13:00:00,22.7,Cloudy
14,2026-01-01 14:00:00,23.5,Cloudy
15,2026-01-01 15:00:00,20.0,Rainy
16,2026-01-01 16:00:00,22.2,Sunny
17,2026-01-01 17:00:00,18.6,Rainy
18,2026-01-01 18:00:00,24.8,Cloudy
19,2026-01-01 19:00:00,20.0,Sunny
20,2026-01-01 20:00:00,20.4,Cloudy
21,2026-01-01 21:00:00,24.1,Cloudy
22,2026-01-01 22:00:00,19.8,Cloudy
23,2026-01-01 23:00:00,21.6,Sunny
24,2026-01-02 00:00:00,21.0,Sunny
25,2026-01-02 01:00:00,15.1,Rainy
26,2026-01-02 02:00:00,21.0,Sunny
27,2026-01-02 03:00:00,21.0,Sunny
28,2026-01-02 04:00:00,21.8,Sunny
29,2026-01-02 05:00:00,20.7,Sunny
30,2026-01-02 06:00:00,21.2,Sunny
31,2026-01-02 07:00:00,15.3,Cloudy
32,2026-01-02 08:00:00,18.9,Sunny
33,2026-01-02 09:00:00,21.6,Cloudy
34,2026-01-02 10:00:00,18.6,Sunny
35,2026-01-02 11:00:00,18.8,Sunny
36,2026-01-02 12:00:00,22.2,Rainy
37,2026-01-02 13:00:00,17.3,Rainy
38,2026-01-02 14:00:00,24.6,Sunny
39,2026-01-02 15:00:00,16.5,Rainy
40,2026-01-02 16:00:00,17.4,Cloudy
41,2026-01-02 17:00:00,17.8,Cloudy
42,2026-01-02 18:00:00,22.2,Rainy
43,2026-01-02 19:00:00,23.0,Sunny
44,2026-01-02 20:00:00,16.3,Rainy
45,2026-01-02 21:00:00,22.8,Rainy
46,2026-01-02 22:00:00,20.0,Rainy
47,2026-01-02 23:00:00,21.5,Cloudy
48,2026-01-03 00:00:00,21.9,Sunny
49,2026-01-03 01:00:00,24.3,Sunny
50,2026-01-03 02:00:00,24.4,Sunny
51,2026-01-03 03:00:00,15.6,Cloudy
52,2026-01-03 04:00:00,19.3,Rainy
53,2026-01-03 05:00:00,20.1,Rainy
54,2026-01-03 06:00:00,22.4,Sunny
55,2026-01-03 07:00:00,16.8,Rainy
56,2026-01-03 08:00:00,22.9,Sunny
57,2026-01-03 09:00:00,19.7,Sunny
58,2026-01-03 10:00:00,17.2,Sunny
59,2026-01-03 11:00:00,22.1,Sunny
60,2026-01-03 12:00:00,16.0,Sunny
61,2026-01-03 13:00:00,19.9,Sunny
62,2026-01-03 14:00:00,24.3,Sunny
63,2026-01-03 15:00:00,21.4,Rainy
64,2026-01-03 16:00:00,24.5,Sunny
65,2026-01-03 17:00:00,15.5,Rainy
66,2026-01-03 18:00:00,22.8,Cloudy
67,2026-01-03 19:00:00,21.1,Sunny
68,2026-01-03 20:00:00,15.5,Sunny
69,2026-01-03 21:00:00,20.2,Cloudy
70,2026-01-03 22:00:00,16.4,Sunny
71,2026-01-03 23:00:00,22.8,Rainy
72,2026-01-04 00:00:00,22.8,Cloudy
73,2026-01-04 01:00:00,20.0,Rainy
74,2026-01-04 02:00:00,22.8,Cloudy
75,2026-01-04 03:00:00,20.9,Rainy
76,2026-01-04 04:00:00,19.9,Cloudy
77,2026-01-04 05:00:00,19.5,Rainy
78,2026-01-04 06:00:00,22.8,Sunny
79,2026-01-04 07:00:00,16.7,Sunny
80,2026-01-04 08:00:00,19.6,Rainy
81,2026-01-04 09:00:00,23.2,Cloudy
82,2026-01-04 10:00:00,22.1,Cloudy
83,2026-01-04 11:00:00,22.0,Rainy
84,2026-01-04 12:00:00,19.2,Sunny
85,2026-01-04 13:00:00,17.3,Rainy
86,2026-01-04 14:00:00,17.1,Sunny
87,2026-01-04 15:00:00,18.5,Rainy
88,2026-01-04 16:00:00,17.9,Cloudy
89,2026-01-04 17:00:00,20.1,Cloudy
90,2026-01-04 18:00:00,15.8,Rainy
91,2026-01-04 19:00:00,18.9,Sunny
92,2026-01-04 20:00:00,22.2,Cloudy
93,2026-01-04 21:00:00,16.8,Sunny
94,2026-01-04 22:00:00,23.3,Sunny
95,2026-01-04 23:00:00,19.1,Cloudy
96,2026-01-05 00:00:00,19.8,Rainy
97,2026-01-05 01:00:00,23.8,Cloudy
98,2026-01-05 02:00:00,19.0,Rainy
99,2026-01-05 03:00:00,22.7,Sunny
100,2026-01-05 04:00:00,24.6,Sunny
101,2026-01-05 05:00:00,23.7,Rainy
102,2026-01-05 06:00:00,17.8,Rainy
103,2026-01-05 07:00:00,22.5,Sunny
104,2026-01-05 08:00:00,17.5,Rainy
105,2026-01-05 09:00:00,19.6,Rainy
106,2026-01-05 10:00:00,15.7,Sunny
107,2026-01-05 11:00:00,23.8,Rainy
108,2026-01-05 12:00:00,16.1,Sunny
109,2026-01-05 13:00:00,19.1,Rainy
110,2026-01-05 14:00:00,18.8,Rainy
111,2026-01-05 15:00:00,15.8,Rainy
112,2026-01-05 16:00:00,19.9,Rainy
113,2026-01-05 17:00:00,16.1,Cloudy
114,2026-01-05 18:00:00,22.7,Cloudy
115,2026-01-05 19:00:00,24.9,Rainy
116,2026-01-05 20:00:00,21.0,Cloudy
117,2026-01-05 21:00:00,22.7,Cloudy
118,2026-01-05 22:00:00,17.4,Cloudy
119,2026-01-05 23:00:00,21.5,Rainy
120,2026-01-06 00:00:00,21.3,Sunny
121,2026-01-06 01:00:00,23.6,Sunny
122,2026-01-06 02:00:00,21.8,Sunny
123,2026-01-06 03:00:00,24.9,Rainy
124,2026-01-06 04:00:00,17.3,Rainy
125,2026-01-06 05:00:00,20.0,Cloudy
126,2026-01-06 06:00:00,25.0,Cloudy
127,2026-01-06 07:00:00,22.5,Sunny
128,2026-01-06 08:00:00,21.8,Sunny
129,2026-01-06 09:00:00,20.2,Rainy
130,2026-01-06 10:00:00,15.8,Rainy
131,2026-01-06 11:00:00,15.7,Rainy
132,2026-01-06 12:00:00,21.2,Rainy
133,2026-01-06 13:00:00,22.0,Sunny
134,2026-01-06 14:00:00,16.3,Sunny
135,2026-01-06 15:00:00,17.4,Rainy
136,2026-01-06 16:00:00,24.7,Rainy
137,2026-01-06 17:00:00,17.9,Sunny
138,2026-01-06 18:00:00,16.6,Sunny
139,2026-01-06 19:00:00,21.0,Cloudy
140,2026-01-06 20:00:00,15.5,Sunny
141,2026-01-06 21:00:00,16.3,Sunny
142,2026-01-06 22:00:00,17.2,Sunny
143,2026-01-06 23:00:00,17.7,Rainy
144,2026-01-07 00:00:00,21.5,Sunny
145,2026-01-07 01:00:00,16.4,Rainy
146,2026-01-07 02:00:00,15.4,Sunny
147,2026-01-07 03:00:00,17.9,Cloudy
148,2026-01-07 04:00:00,15.2,Cloudy
149,2026-01-07 05:00:00,17.9,Rainy
150,2026-01-07 06:00:00,22.0,Cloudy
151,2026-01-07 07:00:00,22.6,Rainy
152,2026-01-07 08:00:00,19.2,Cloudy
153,2026-01-07 09:00:00,19.2,Sunny
154,2026-01-07 10:00:00,24.4,Cloudy
155,2026-01-07 11:00:00,22.3,Sunny
156,2026-01-07 12:00:00,22.1,Rainy
157,2026-01-07 13:00:00,20.8,Cloudy
158,2026-01-07 14:00:00,20.2,Sunny
159,2026-01-07 15:00:00,19.0,Rainy
160,2026-01-07 16:00:00,19.3,Rainy
161,2026-01-07 17:00:00,23.4,Rainy
162,2026-01-07 18:00:00,17.9,Cloudy
163,2026-01-07 19:00:00,20.5,Cloudy
164,2026-01-07 20:00:00,20.8,Cloudy
165,2026-01-07 21:00:00,18.5,Sunny
166,2026-01-07 22:00:00,24.3,Cloudy
167,2026-01-07 23:00:00,19.7,Rainy
168,2026-01-08 00:00:00,17.9,Cloudy
169,2026-01-08 01:00:00,24.5,Sunny
170,2026-01-08 02:00:00,20.3,Sunny
171,2026-01-08 03:00:00,16.2,Sunny
172,2026-01-08 04:00:00,20.5,Cloudy
173,2026-01-08 05:00:00,24.7,Rainy
174,2026-01-08 06:00:00,20.4,Rainy
175,2026-01-08 07:00:00,23.8,Cloudy
176,2026-01-08 08:00:00,17.7,Rainy
177,2026-01-08 09:00:00,22.8,Rainy
178,2026-01-08 10:00:00,18.0,Sunny
179,2026-01-08 11:00:00,18.2,Cloudy
180,2026-01-08 12:00:00,22.3,Sunny
181,2026-01-08 13:00:00,21.4,Sunny
182,2026-01-08 14:00:00,16.1,Cloudy
183,2026-01-08 15:00:00,17.8,Rainy
184,2026-01-08 16:00:00,15.7,Cloudy
185,2026-01-08 17:00:00,15.6,Sunny
186,2026-01-08 18:00:00,18.4,Rainy
187,2026-01-08 19:00:00,15.8,Rainy
188,2026-01-08 20:00:00,15.1,Cloudy
189,2026-01-08 21:00:00,22.0,Rainy
190,2026-01-08 22:00:00,20.7,Sunny
191,2026-01-08 23:00:00,17.0,Rainy
192,2026-01-09 00:00:00,17.6,Cloudy
193,2026-01-09 01:00:00,18.3,Cloudy
194,2026-01-09 02:00:00,16.5,Rainy
195,2026-01-09 03:00:00,22.3,Sunny
196,2026-01-09 04:00:00,19.4,Rainy
197,2026-01-09 05:00:00,15.2,Cloudy
198,2026-01-09 06:00:00,22.8,Rainy
199,2026-01-09 07:00:00,18.9,Rainy
200,2026-01-09 08:00:00,19.9,Rainy
201,2026-01-09 09:00:00,17.0,Sunny
202,2026-01-09 10:00:00,15.5,Cloudy
203,2026-01-09 11:00:00,23.4,Sunny
204,2026-01-09 12:00:00,16.4,Sunny
205,2026-01-09 13:00:00,16.6,Sunny
206,2026-01-09 14:00:00,22.2,Cloudy
207,2026-01-09 15:00:00,15.2,Cloudy
208,2026-01-09 16:00:00,18.0,Rainy
209,2026-01-09 17:00:00,24.6,Sunny
210,2026-01-09 18:00:00,22.4,Cloudy
211,2026-01-09 19:00:00,17.2,Rainy
212,2026-01-09 20:00:00,15.6,Cloudy
213,2026-01-09 21:00:00,22.9,Rainy
214,2026-01-09 22:00:00,16.7,Rainy
215,2026-01-09 23:00:00,21.1,Cloudy
216,2026-01-10 00:00:00,19.1,Rainy
217,2026-01-10 01:00:00,18.6,Sunny
218,2026-01-10 02:00:00,20.7,Rainy
219,2026-01-10 03:00:00,19.1,Sunny
220,2026-01-10 04:00:00,16.1,Sunny
221,2026-01-10 05:00:00,20.5,Rainy
222,2026-01-10 06:00:00,16.2,Sunny
223,2026-01-10 07:00:00,21.3,Cloudy
224,2026-01-10 08:00:00,20.7,Sunny
225,2026-01-10 09:00:00,23.6,Cloudy
226,2026-01-10 10:00:00,23.3,Rainy
227,2026-01-10 11:00:00,18.2,Cloudy
228,2026-01-10 12:00:00,17.1,Sunny
229,2026-01-10 13:00:00,22.9,Rainy
230,2026-01-10 14:00:00,21.0,Rainy
231,2026-01-10 15:00:00,16.3,Rainy
232,2026-01-10 16:00:00,24.5,Cloudy
233,2026-01-10 17:00:00,16.5,Rainy
234,2026-01-10 18:00:00,16.8,Sunny
235,2026-01-10 19:00:00,17.4,Cloudy
236,2026-01-10 20:00:00,17.9,Rainy
237,2026-01-10 21:00:00,18.0,Cloudy
238,2026-01-10 22:00:00,20.9,Rainy
239,2026-01-10 23:00:00,18.6,Cloudy
240,2026-01-11 00:00:00,24.1,Sunny
241,2026-01-11 01:00:00,16.7,Sunny
242,2026-01-11 02:00:00,19.3,Cloudy
243,2026-01-11 03:00:00,18.7,Sunny
244,2026-01-11 04:00:00,23.6,Sunny
245,2026-01-11 05:00:00,17.7,Cloudy
246,2026-01-11 06:00:00,15.1,Sunny
247,2026-01-11 07:00:00,24.6,Cloudy
248,2026-01-11 08:00:00,16.6,Cloudy
249,2026-01-11 09:00:00,17.1,Sunny
250,2026-01-11 10:00:00,19.5,Rainy
251,2026-01-11 11:00:00,16.4,Sunny
252,2026-01-11 12:00:00,18.5,Cloudy
253,2026-01-11 13:00:00,20.8,Rainy
254,2026-01-11 14:00:00,19.6,Sunny
255,2026-01-11 15:00:00,16.2,Cloudy
256,2026-01-11 16:00:00,15.5,Rainy
257,2026-01-11 17:00:00,15.6,Sunny
258,2026-01-11 18:00:00,22.1,Cloudy
259,2026-01-11 19:00:00,20.8,Rainy
260,2026-01-11 20:00:00,18.5,Cloudy
261,2026-01-11 21:00:00,22.6,Sunny
262,2026-01-11 22:00:00,15.7,Cloudy
263,2026-01-11 23:00:00,18.7,Cloudy
264,2026-01-12 00:00:00,23.6,Sunny
265,2026-01-12 01:00:00,21.6,Sunny
266,2026-01-12 02:00:00,21.4,Rainy
267,2026-01-12 03:00:00,18.7,Cloudy
268,2026-01-12 04:00:00,22.6,Cloudy
269,2026-01-12 05:00:00,18.1,Sunny
270,2026-01-12 06:00:00,16.3,Sunny
271,2026-01-12 07:00:00,19.3,Cloudy
272,2026-01-12 08:00:00,21.2,Cloudy
273,2026-01-12 09:00:00,23.4,Cloudy
274,2026-01-12 10:00:00,22.8,Cloudy
275,2026-01-12 11:00:00,22.1,Cloudy
276,2026-01-12 12:00:00,15.3,Cloudy
277,2026-01-12 13:00:00,19.5,Sunny
278,2026-01-12 14:00:00,16.9,Sunny
279,2026-01-12 15:00:00,18.4,Cloudy
280,2026-01-12 16:00:00,15.9,Sunny
281,2026-01-12 17:00:00,21.7,Cloudy
282,2026-01-12 18:00:00,24.8,Cloudy
283,2026-01-12 19:00:00,24.4,Sunny
284,2026-01-12 20:00:00,18.8,Sunny
285,2026-01-12 21:00:00,21.7,Cloudy
286,2026-01-12 22:00:00,24.1,Rainy
287,2026-01-12 23:00:00,17.3,Rainy
288,2026-01-13 00:00:00,24.1,Rainy
289,2026-01-13 01:00:00,18.1,Cloudy
290,2026-01-13 02:00:00,19.2,Rainy
291,2026-01-13 03:00:00,22.2,Cloudy
292,2026-01-13 04:00:00,15.9,Rainy
293,2026-01-13 05:00:00,23.4,Sunny
294,2026-01-13 06:00:00,22.7,Sunny
295,2026-01-13 07:00:00,21.9,Cloudy
296,2026-01-13 08:00:00,17.5,Sunny
297,2026-01-13 09:00:00,15.9,Rainy
298,2026-01-13 10:00:00,18.0,Rainy
299,2026-01-13 11:00:00,18.8,Sunny
300,2026-01-13 12:00:00,21.4,Rainy
301,2026-01-13 13:00:00,17.0,Cloudy
302,2026-01-13 14:00:00,24.7,Rainy
303,2026-01-13 15:00:00,17.5,Cloudy
304,2026-01-13 16:00:00,16.8,Rainy
305,2026-01-13 17:00:00,17.2,Rainy
306,2026-01-13 18:00:00,20.5,Rainy
307,2026-01-13 19:00:00,18.0,Sunny
308,2026-01-13 20:00:00,18.6,Rainy
309,2026-01-13 21:00:00,24.3,Cloudy
310,2026-01-13 22:00:00,15.6,Sunny
311,2026-01-13 23:00:00,23.7,Cloudy
312,2026-01-14 00:00:00,19.1,Cloudy
313,2026-01-14 01:00:00,20.3,Rainy
314,2026-01-14 02:00:00,18.0,Rainy
315,2026-01-14 03:00:00,17.9,Rainy
316,2026-01-14 04:00:00,16.5,Sunny
317,2026-01-14 05:00:00,19.6,Sunny
318,2026-01-14 06:00:00,22.1,Rainy
319,2026-01-14 07:00:00,19.2,Cloudy
320,2026-01-14 08:00:00,22.0,Cloudy
321,2026-01-14 09:00:00,16.1,Rainy
322,2026-01-14 10:00:00,15.2,Cloudy
323,2026-01-14 11:00:00,18.3,Sunny
324,2026-01-14 12:00:00,23.0,Cloudy
325,2026-01-14 13:00:00,22.3,Cloudy
326,2026-01-14 14:00:00,19.1,Cloudy
327,2026-01-14 15:00:00,21.7,Sunny
328,2026-01-14 16:00:00,18.3,Rainy
329,2026-01-14 17:00:00,16.3,Sunny
330,2026-01-14 18:00:00,18.2,Cloudy
331,2026-01-14 19:00:00,15.2,Rainy
332,2026-01-14 20:00:00,19.1,Rainy
333,2026-01-14 21:00:00,17.6,Rainy
334,2026-01-14 22:00:00,18.9,Sunny
335,2026-01-14 23:00:00,23.1,Cloudy
336,2026-01-15 00:00:00,22.6,Sunny
337,2026-01-15 01:00:00,16.8,Rainy
338,2026-01-15 02:00:00,23.8,Sunny
339,2026-01-15 03:00:00,23.0,Sunny
340,2026-01-15 04:00:00,24.1,Rainy
341,2026-01-15 05:00:00,18.1,Rainy
342,2026-01-15 06:00:00,21.5,Sunny
343,2026-01-15 07:00:00,20.2,Sunny
344,2026-01-15 08:00:00,16.5,Sunny
345,2026-01-15 09:00:00,16.4,Rainy
346,2026-01-15 10:00:00,16.9,Rainy
347,2026-01-15 11:00:00,22.8,Rainy
348,2026-01-15 12:00:00,18.5,Cloudy
349,2026-01-15 13:00:00,20.0,Cloudy
350,2026-01-15 14:00:00,20.5,Sunny
351,2026-01-15 15:00:00,24.4,Cloudy
352,2026-01-15 16:00:00,19.2,Rainy
353,2026-01-15 17:00:00,24.3,Sunny
354,2026-01-15 18:00:00,20.2,Sunny
355,2026-01-15 19:00:00,19.4,Sunny
356,2026-01-15 20:00:00,24.5,Cloudy
357,2026-01-15 21:00:00,24.1,Cloudy
358,2026-01-15 22:00:00,17.8,Rainy
359,2026-01-15 23:00:00,20.6,Sunny
360,2026-01-16 00:00:00,16.0,Rainy
361,2026-01-16 01:00:00,22.6,Sunny
362,2026-01-16 02:00:00,17.1,Sunny
363,2026-01-16 03:00:00,17.2,Cloudy
364,2026-01-16 04:00:00,24.3,Rainy
365,2026-01-16 05:00:00,24.9,Sunny
366,2026-01-16 06:00:00,23.9,Rainy
367,2026-01-16 07:00:00,16.8,Sunny
368,2026-01-16 08:00:00,18.7,Cloudy
369,2026-01-16 09:00:00,23.1,Cloudy
370,2026-01-16 10:00:00,22.4,Rainy
371,2026-01-16 11:00:00,19.1,Sunny
372,2026-01-16 12:00:00,20.9,Sunny
373,2026-01-16 13:00:00,16.1,Rainy
374,2026-01-16 14:00:00,20.1,Cloudy
375,2026-01-16 15:00:00,15.0,Rainy
376,2026-01-16 16:00:00,22.0,Rainy
377,2026-01-16 17:00:00,24.8,Rainy
378,2026-01-16 18:00:00,18.7,Sunny
379,2026-01-16 19:00:00,19.4,Rainy
380,2026-01-16 20:00:00,17.6,Cloudy
381,2026-01-16 21:00:00,22.2,Rainy
382,2026-01-16 22:00:00,16.7,Sunny
383,2026-01-16 23:00:00,24.2,Sunny
384,2026-01-17 00:00:00,22.0,Sunny
385,2026-01-17 01:00:00,23.0,Cloudy
386,2026-01-17 02:00:00,24.7,Sunny
387,2026-01-17 03:00:00,15.1,Cloudy
388,2026-01-17 04:00:00,16.2,Sunny
389,2026-01-17 05:00:00,16.0,Cloudy
390,2026-01-17 06:00:00,24.1,Sunny
391,2026-01-17 07:00:00,23.0,Cloudy
392,2026-01-17 08:00:00,15.5,Sunny
393,2026-01-17 09:00:00,18.3,Sunny
394,2026-01-17 10:00:00,20.2,Sunny
395,2026-01-17 11:00:00,22.9,Sunny
396,2026-01-17 12:00:00,17.5,Cloudy
397,2026-01-17 13:00:00,15.2,Rainy
398,2026-01-17 14:00:00,21.4,Cloudy
399,2026-01-17 15:00:00,23.3,Cloudy
400,2026-01-17 16:00:00,16.0,Rainy
401,2026-01-17 17:00:00,17.4,Cloudy
402,2026-01-17 18:00:00,22.5,Cloudy
403,2026-01-17 19:00:00,16.6,Cloudy
404,2026-01-17 20:00:00,24.7,Rainy
405,2026-01-17 21:00:00,20.7,Cloudy
406,2026-01-17 22:00:00,25.0,Sunny
407,2026-01-17 23:00:00,16.9,Sunny
408,2026-01-18 00:00:00,24.5,Rainy
409,2026-01-18 01:00:00,23.9,Rainy
410,2026-01-18 02:00:00,24.6,Sunny
411,2026-01-18 03:00:00,16.9,Cloudy
412,2026-01-18 04:00:00,22.6,Cloudy
413,2026-01-18 05:00:00,23.1,Rainy
414,2026-01-18 06:00:00,15.6,Rainy
415,2026-01-18 07:00:00,22.0,Sunny
416,2026-01-18 08:00:00,16.9,Sunny
417,2026-01-18 09:00:00,23.0,Cloudy
418,2026-01-18 10:00:00,20.8,Rainy
419,2026-01-18 11:00:00,19.4,Cloudy
420,2026-01-18 12:00:00,16.0,Rainy
421,2026-01-18 13:00:00,20.3,Cloudy
422,2026-01-18 14:00:00,20.3,Rainy
423,2026-01-18 15:00:00,16.0,Sunny
424,2026-01-18 16:00:00,22.3,Sunny
425,2026-01-18 17:00:00,20.2,Cloudy
426,2026-01-18 18:00:00,24.6,Cloudy
427,2026-01-18 19:00:00,17.4,Cloudy
428,2026-01-18 20:00:00,16.9,Sunny
429,2026-01-18 21:00:00,18.4,Sunny
430,2026-01-18 22:00:00,23.9,Sunny
431,2026-01-18 23:00:00,24.1,Sunny
432,2026-01-19 00:00:00,15.2,Cloudy
433,2026-01-19 01:00:00,22.7,Rainy
434,2026-01-19 02:00:00,21.8,Rainy
435,2026-01-19 03:00:00,18.8,Rainy
436,2026-01-19 04:00:00,15.8,Cloudy
437,2026-01-19 05:00:00,24.2,Cloudy
438,2026-01-19 06:00:00,16.2,Sunny
439,2026-01-19 07:00:00,15.0,Rainy
440,2026-01-19 08:00:00,20.7,Rainy
441,2026-01-19 09:00:00,22.7,Rainy
442,2026-01-19 10:00:00,23.3,Cloudy
443,2026-01-19 11:00:00,17.9,Sunny
444,2026-01-19 12:00:00,23.9,Sunny
445,2026-01-19 13:00:00,15.5,Sunny
446,2026-01-19 14:00:00,16.7,Sunny
447,2026-01-19 15:00:00,23.6,Sunny
448,2026-01-19 16:00:00,21.1,Rainy
449,2026-01-19 17:00:00,19.7,Rainy
450,2026-01-19 18:00:00,22.1,Sunny
451,2026-01-19 19:00:00,19.6,Cloudy
452,2026-01-19 20:00:00,19.0,Cloudy
453,2026-01-19 21:00:00,21.2,Sunny
454,2026-01-19 22:00:00,22.7,Rainy
455,2026-01-19 23:00:00,16.2,Cloudy
456,2026-01-20 00:00:00,21.3,Cloudy
457,2026-01-20 01:00:00,18.8,Sunny
458,2026-01-20 02:00:00,19.2,Sunny
459,2026-01-20 03:00:00,15.2,Sunny
460,2026-01-20 04:00:00,22.8,Sunny
461,2026-01-20 05:00:00,19.3,Sunny
462,2026-01-20 06:00:00,24.1,Sunny
463,2026-01-20 07:00:00,24.1,Sunny
464,2026-01-20 08:00:00,20.7,Sunny
465,2026-01-20 09:00:00,20.6,Sunny
466,2026-01-20 10:00:00,20.5,Cloudy
467,2026-01-20 11:00:00,20.6,Sunny
468,2026-01-20 12:00:00,20.4,Rainy
469,2026-01-20 13:00:00,20.0,Rainy
470,2026-01-20 14:00:00,22.1,Rainy
471,2026-01-20 15:00:00,17.6,Sunny
472,2026-01-20 16:00:00,15.7,Rainy
473,2026-01-20 17:00:00,17.9,Rainy
474,2026-01-20 18:00:00,23.3,Rainy
475,2026-01-20 19:00:00,18.5,Rainy
476,2026-01-20 20:00:00,24.5,Cloudy
477,2026-01-20 21:00:00,21.0,Cloudy
478,2026-01-20 22:00:00,23.0,Sunny
479,2026-01-20 23:00:00,15.8,Rainy
480,2026-01-21 00:00:00,17.5,Cloudy
481,2026-01-21 01:00:00,21.8,Cloudy
482,2026-01-21 02:00:00,16.8,Rainy
483,2026-01-21 03:00:00,20.3,Rainy
484,2026-01-21 04:00:00,15.2,Rainy
485,2026-01-21 05:00:00,22.0,Sunny
486,2026-01-21 06:00:00,25.0,Rainy
487,2026-01-21 07:00:00,18.4,Cloudy
488,2026-01-21 08:00:00,23.7,Sunny
489,2026-01-21 09:00:00,16.3,Cloudy
490,2026-01-21 10:00:00,22.1,Sunny
491,2026-01-21 11:00:00,15.2,Cloudy
492,2026-01-21 12:00:00,23.7,Sunny
493,2026-01-21 13:00:00,24.3,Sunny
494,2026-01-21 14:00:00,17.1,Sunny
495,2026-01-21 15:00:00,17.9,Sunny
496,2026-01-21 16:00:00,16.9,Cloudy
497,2026-01-21 17:00:00,21.2,Rainy
498,2026-01-21 18:00:00,24.1,Sunny
499,2026-01-21 19:00:00,18.4,Sunny
500,2026-01-21 20:00:00,23.7,Rainy
501,2026-01-21 21:00:00,20.7,Cloudy
502,2026-01-21 22:00:00,18.0,Sunny
503,2026-01-21 23:00:00,23.3,Rainy
504,2026-01-22 00:00:00,15.6,Sunny
505,2026-01-22 01:00:00,17.3,Sunny
506,2026-01-22 02:00:00,17.2,Cloudy
507,2026-01-22 03:00:00,21.6,Rainy
508,2026-01-22 04:00:00,17.9,Cloudy
509,2026-01-22 05:00:00,23.6,Cloudy
510,2026-01-22 06:00:00,22.8,Rainy
511,2026-01-22 07:00:00,15.2,Sunny
512,2026-01-22 08:00:00,23.4,Rainy
513,2026-01-22 09:00:00,16.3,Cloudy
514,2026-01-22 10:00:00,20.0,Cloudy
515,2026-01-22 11:00:00,23.1,Cloudy
516,2026-01-22 12:00:00,15.6,Rainy
517,2026-01-22 13:00:00,20.0,Cloudy
518,2026-01-22 14:00:00,23.7,Sunny
519,2026-01-22 15:00:00,16.5,Rainy
520,2026-01-22 16:00:00,24.1,Sunny
521,2026-01-22 17:00:00,16.1,Rainy
522,2026-01-22 18:00:00,19.0,Cloudy
523,2026-01-22 19:00:00,18.3,Sunny
524,2026-01-22 20:00:00,15.7,Cloudy
525,2026-01-22 21:00:00,21.0,Sunny
526,2026-01-22 22:00:00,17.6,Rainy
527,2026-01-22 23:00:00,22.3,Rainy
528,2026-01-23 00:00:00,16.9,Cloudy
529,2026-01-23 01:00:00,19.3,Sunny
530,2026-01-23 02:00:00,17.8,Rainy
531,2026-01-23 03:00:00,22.6,Sunny
532,2026-01-23 04:00:00,18.4,Rainy
533,2026-01-23 05:00:00,21.5,Cloudy
534,2026-01-23 06:00:00,23.6,Sunny
535,2026-01-23 07:00:00,16.2,Cloudy
536,2026-01-23 08:00:00,22.5,Rainy
537,2026-01-23 09:00:00,18.3,Sunny
538,2026-01-23 10:00:00,23.9,Sunny
539,2026-01-23 11:00:00,24.9,Cloudy
540,2026-01-23 12:00:00,22.9,Sunny
541,2026-01-23 13:00:00,20.5,Rainy
542,2026-01-23 14:00:00,19.6,Rainy
543,2026-01-23 15:00:00,19.0,Sunny
544,2026-01-23 16:00:00,23.6,Cloudy
545,2026-01-23 17:00:00,17.2,Cloudy
546,2026-01-23 18:00:00,15.1,Sunny
547,2026-01-23 19:00:00,19.0,Sunny
548,2026-01-23 20:00:00,16.4,Rainy
549,2026-01-23 21:00:00,17.2,Rainy
550,2026-01-23 22:00:00,19.3,Sunny
551,2026-01-23 23:00:00,24.6,Cloudy
552,2026-01-24 00:00:00,18.0,Cloudy
553,2026-01-24 01:00:00,17.0,Cloudy
554,2026-01-24 02:00:00,16.0,Rainy
555,2026-01-24 03:00:00,18.7,Sunny
556,2026-01-24 04:00:00,17.6,Cloudy
557,2026-01-24 05:00:00,22.0,Sunny
558,2026-01-24 06:00:00,24.4,Sunny
559,2026-01-24 07:00:00,23.3,Sunny
560,2026-01-24 08:00:00,23.3,Sunny
561,2026-01-24 09:00:00,22.7,Cloudy
562,2026-01-24 10:00:00,24.4,Sunny
563,2026-01-24 11:00:00,20.4,Cloudy
564,2026-01-24 12:00:00,21.0,Cloudy
565,2026-01-24 13:00:00,21.5,Cloudy
566,2026-01-24 14:00:00,18.2,Sunny
567,2026-01-24 15:00:00,22.9,Cloudy
568,2026-01-24 16:00:00,16.0,Rainy
569,2026-01-24 17:00:00,24.1,Rainy
570,2026-01-24 18:00:00,16.7,Cloudy
571,2026-01-24 19:00:00,19.6,Sunny
572,2026-01-24 20:00:00,22.3,Rainy
573,2026-01-24 21:00:00,20.8,Sunny
574,2026-01-24 22:00:00,15.7,Rainy
575,2026-01-24 23:00:00,19.3,Sunny
576,2026-01-25 00:00:00,15.2,Sunny
577,2026-01-25 01:00:00,15.8,Sunny
578,2026-01-25 02:00:00,18.9,Cloudy
579,2026-01-25 03:00:00,21.5,Sunny
580,2026-01-25 04:00:00,17.3,Cloudy
581,2026-01-25 05:00:00,15.5,Sunny
582,2026-01-25 06:00:00,23.6,Cloudy
583,2026-01-25 07:00:00,22.7,Sunny
584,2026-01-25 08:00:00,15.1,Sunny
585,2026-01-25 09:00:00,18.8,Sunny
586,2026-01-25 10:00:00,21.6,Rainy
587,2026-01-25 11:00:00,19.2,Cloudy
588,2026-01-25 12:00:00,15.4,Sunny
589,2026-01-25 13:00:00,24.9,Cloudy
590,2026-01-25 14:00:00,17.1,Cloudy
591,2026-01-25 15:00:00,18.2,Rainy
592,2026-01-25 16:00:00,16.4,Sunny
593,2026-01-25 17:00:00,19.5,Cloudy
594,2026-01-25 18:00:00,24.5,Rainy
595,2026-01-25 19:00:00,17.5,Cloudy
596,2026-01-25 20:00:00,22.7,Rainy
597,2026-01-25 21:00:00,22.2,Rainy
598,2026-01-25 22:00:00,16.2,Rainy
599,2026-01-25 23:00:00,17.0,Rainy
600,2026-01-26 00:00:00,23.3,Cloudy
601,2026-01-26 01:00:00,15.2,Sunny
602,2026-01-26 02:00:00,21.3,Sunny
603,2026-01-26 03:00:00,17.1,Rainy
604,2026-01-26 04:00:00,18.7,Rainy
605,2026-01-26 05:00:00,21.7,Cloudy
606,2026-01-26 06:00:00,15.4,Cloudy
607,2026-01-26 07:00:00,22.7,Cloudy
608,2026-01-26 08:00:00,22.5,Sunny
609,2026-01-26 09:00:00,18.8,Sunny
610,2026-01-26 10:00:00,20.8,Rainy
611,2026-01-26 11:00:00,19.1,Cloudy
612,2026-01-26 12:00:00,20.6,Sunny
613,2026-01-26 13:00:00,19.5,Cloudy
614,2026-01-26 14:00:00,21.5,Cloudy
615,2026-01-26 15:00:00,23.0,Cloudy
616,2026-01-26 16:00:00,16.0,Rainy
617,2026-01-26 17:00:00,15.8,Cloudy
618,2026-01-26 18:00:00,24.9,Rainy
619,2026-01-26 19:00:00,23.0,Rainy
620,2026-01-26 20:00:00,22.7,Cloudy
621,2026-01-26 21:00:00,23.9,Sunny
622,2026-01-26 22:00:00,24.3,Rainy
623,2026-01-26 23:00:00,21.5,Cloudy
624,2026-01-27 00:00:00,20.8,Rainy
625,2026-01-27 01:00:00,19.5,Sunny
626,2026-01-27 02:00:00,22.3,Sunny
627,2026-01-27 03:00:00,19.5,Sunny
628,2026-01-27 04:00:00,23.2,Sunny
629,2026-01-27 05:00:00,18.5,Rainy
630,2026-01-27 06:00:00,23.7,Sunny
631,2026-01-27 07:00:00,23.1,Sunny
632,2026-01-27 08:00:00,18.4,Cloudy
633,2026-01-27 09:00:00,22.6,Cloudy
634,2026-01-27 10:00:00,16.4,Rainy
635,2026-01-27 11:00:00,19.8,Sunny
636,2026-01-27 12:00:00,17.7,Cloudy
637,2026-01-27 13:00:00,18.4,Rainy
638,2026-01-27 14:00:00,19.8,Sunny
639,2026-01-27 15:00:00,23.9,Cloudy
640,2026-01-27 16:00:00,16.8,Sunny
641,2026-01-27 17:00:00,24.4,Rainy
642,2026-01-27 18:00:00,16.3,Sunny
643,2026-01-27 19:00:00,23.0,Sunny
644,2026-01-27 20:00:00,20.9,Sunny
645,2026-01-27 21:00:00,21.1,Rainy
646,2026-01-27 22:00:00,15.5,Cloudy
647,2026-01-27 23:00:00,16.6,Cloudy
648,2026-01-28 00:00:00,17.5,Cloudy
649,2026-01-28 01:00:00,22.2,Sunny
650,2026-01-28 02:00:00,24.7,Sunny
651,2026-01-28 03:00:00,24.8,Rainy
652,2026-01-28 04:00:00,21.4,Rainy
653,2026-01-28 05:00:00,24.9,Rainy
654,2026-01-28 06:00:00,18.3,Rainy
655,2026-01-28 07:00:00,20.1,Cloudy
656,2026-01-28 08:00:00,17.0,Cloudy
657,2026-01-28 09:00:00,19.0,Sunny
658,2026-01-28 10:00:00,18.8,Sunny
659,2026-01-28 11:00:00,16.0,Sunny
660,2026-01-28 12:00:00,23.6,Cloudy
661,2026-01-28 13:00:00,24.9,Cloudy
662,2026-01-28 14:00:00,22.4,Cloudy
663,2026-01-28 15:00:00,24.9,Rainy
664,2026-01-28 16:00:00,21.2,Rainy
665,2026-01-28 17:00:00,24.4,Rainy
666,2026-01-28 18:00:00,16.5,Sunny
667,2026-01-28 19:00:00,22.8,Rainy
668,2026-01-28 20:00:00,19.0,Sunny
669,2026-01-28 21:00:00,19.2,Rainy
670,2026-01-28 22:00:00,21.6,Sunny
671,2026-01-28 23:00:00,23.8,Cloudy
672,2026-01-29 00:00:00,22.2,Cloudy
673,2026-01-29 01:00:00,21.9,Sunny
674,2026-01-29 02:00:00,18.5,Cloudy
675,2026-01-29 03:00:00,16.9,Sunny
676,2026-01-29 04:00:00,17.5,Sunny
677,2026-01-29 05:00:00,17.8,Rainy
678,2026-01-29 06:00:00,21.8,Sunny
679,2026-01-29 07:00:00,19.0,Sunny
680,2026-01-29 08:00:00,23.6,Rainy
681,2026-01-29 09:00:00,23.0,Sunny
682,2026-01-29 10:00:00,20.7,Rainy
683,2026-01-29 11:00:00,18.1,Cloudy
684,2026-01-29 12:00:00,19.5,Rainy
685,2026-01-29 13:00:00,22.9,Cloudy
686,2026-01-29 14:00:00,23.5,Sunny
687,2026-01-29 15:00:00,16.1,Sunny
688,2026-01-29 16:00:00,24.7,Rainy
689,2026-01-29 17:00:00,16.9,Sunny
690,2026-01-29 18:00:00,20.6,Cloudy
691,2026-01-29 19:00:00,16.4,Sunny
692,2026-01-29 20:00:00,15.4,Sunny
693,2026-01-29 21:00:00,15.2,Sunny
694,2026-01-29 22:00:00,18.7,Cloudy
695,2026-01-29 23:00:00,19.0,Cloudy
696,2026-01-30 00:00:00,19.2,Cloudy
697,2026-01-30 01:00:00,16.4,Cloudy
698,2026-01-30 02:00:00,16.7,Sunny
699,2026-01-30 03:00:00,22.7,Rainy
700,2026-01-30 04:00:00,24.8,Rainy
701,2026-01-30 05:00:00,24.8,Sunny
702,2026-01-30 06:00:00,18.3,Rainy
703,2026-01-30 07:00:00,22.1,Rainy
704,2026-01-30 08:00:00,19.5,Cloudy
705,2026-01-30 09:00:00,19.9,Sunny
706,2026-01-30 10:00:00,22.1,Rainy
707,2026-01-30 11:00:00,15.1,Cloudy
708,2026-01-30 12:00:00,22.6,Sunny
709,2026-01-30 13:00:00,24.0,Rainy
710,2026-01-30 14:00:00,17.0,Cloudy
711,2026-01-30 15:00:00,23.1,Cloudy
712,2026-01-30 16:00:00,22.2,Sunny
713,2026-01-30 17:00:00,24.8,Rainy
714,2026-01-30 18:00:00,18.3,Rainy
715,2026-01-30 19:00:00,18.4,Rainy
716,2026-01-30 20:00:00,18.2,Sunny
717,2026-01-30 21:00:00,16.5,Cloudy
718,2026-01-30 22:00:00,16.8,Cloudy
719,2026-01-30 23:00:00,19.7,Rainy
720,2026-01-31 00:00:00,17.7,Rainy
721,2026-01-31 01:00:00,24.4,Cloudy
722,2026-01-31 02:00:00,17.0,Cloudy
723,2026-01-31 03:00:00,24.0,Sunny
724,2026-01-31 04:00:00,23.9,Sunny
725,2026-01-31 05:00:00,16.8,Cloudy
726,2026-01-31 06:00:00,18.0,Cloudy
727,2026-01-31 07:00:00,18.9,Rainy
728,2026-01-31 08:00:00,21.5,Cloudy
729,2026-01-31 09:00:00,19.1,Rainy
730,2026-01-31 10:00:00,21.5,Sunny
731,2026-01-31 11:00:00,20.4,Sunny
732,2026-01-31 12:00:00,23.3,Sunny
733,2026-01-31 13:00:00,21.6,Cloudy
734,2026-01-31 14:00:00,22.7,Rainy
735,2026-01-31 15:00:00,21.9,Cloudy
736,2026-01-31 16:00:00,18.8,Sunny
737,2026-01-31 17:00:00,17.1,Rainy
738,2026-01-31 18:00:00,15.6,Sunny
739,2026-01-31 19:00:00,22.6,Cloudy
740,2026-01-31 20:00:00,22.9,Cloudy
741,2026-01-31 21:00:00,21.7,Cloudy
742,2026-01-31 22:00:00,17.9,Sunny
743,2026-01-31 23:00:00,19.5,Sunny
744,2026-02-01 00:00:00,20.3,Sunny
745,2026-02-01 01:00:00,16.0,Sunny
746,2026-02-01 02:00:00,21.2,Sunny
747,2026-02-01 03:00:00,21.1,Cloudy
748,2026-02-01 04:00:00,19.1,Cloudy
749,2026-02-01 05:00:00,17.1,Cloudy
750,2026-02-01 06:00:00,18.2,Rainy
751,2026-02-01 07:00:00,18.7,Cloudy
752,2026-02-01 08:00:00,22.1,Rainy
753,2026-02-01 09:00:00,19.5,Rainy
754,2026-02-01 10:00:00,18.3,Sunny
755,2026-02-01 11:00:00,20.8,Rainy
756,2026-02-01 12:00:00,20.6,Sunny
757,2026-02-01 13:00:00,17.9,Rainy
758,2026-02-01 14:00:00,21.1,Cloudy
759,2026-02-01 15:00:00,24.5,Rainy
760,2026-02-01 16:00:00,23.3,Sunny
761,2026-02-01 17:00:00,19.5,Rainy
762,2026-02-01 18:00:00,17.7,Sunny
763,2026-02-01 19:00:00,20.7,Cloudy
764,2026-02-01 20:00:00,18.0,Cloudy
765,2026-02-01 21:00:00,21.7,Sunny
766,2026-02-01 22:00:00,19.9,Rainy
767,2026-02-01 23:00:00,18.7,Cloudy
768,2026-02-02 00:00:00,17.8,Sunny
769,2026-02-02 01:00:00,16.1,Rainy
770,2026-02-02 02:00:00,22.7,Cloudy
771,2026-02-02 03:00:00,15.7,Rainy
772,2026-02-02 04:00:00,21.1,Sunny
773,2026-02-02 05:00:00,15.6,Sunny
774,2026-02-02 06:00:00,24.8,Cloudy
775,2026-02-02 07:00:00,23.1,Sunny
776,2026-02-02 08:00:00,16.5,Rainy
777,2026-02-02 09:00:00,19.8,Sunny
778,2026-02-02 10:00:00,17.1,Sunny
779,2026-02-02 11:00:00,18.8,Cloudy
780,2026-02-02 12:00:00,21.3,Rainy
781,2026-02-02 13:00:00,19.9,Cloudy
782,2026-02-02 14:00:00,22.3,Cloudy
783,2026-02-02 15:00:00,20.9,Rainy
784,2026-02-02 16:00:00,21.1,Rainy
785,2026-02-02 17:00:00,19.4,Sunny
786,2026-02-02 18:00:00,20.1,Cloudy
787,2026-02-02 19:00:00,16.7,Sunny
788,2026-02-02 20:00:00,18.4,Cloudy
789,2026-02-02 21:00:00,22.8,Sunny
790,2026-02-02 22:00:00,21.0,Rainy
791,2026-02-02 23:00:00,19.8,Cloudy
792,2026-02-03 00:00:00,19.2,Rainy
793,2026-02-03 01:00:00,17.4,Sunny
794,2026-02-03 02:00:00,23.4,Rainy
795,2026-02-03 03:00:00,22.9,Cloudy
796,2026-02-03 04:00:00,17.4,Cloudy
797,2026-02-03 05:00:00,21.9,Rainy
798,2026-02-03 06:00:00,15.4,Sunny
799,2026-02-03 07:00:00,15.5,Cloudy
800,2026-02-03 08:00:00,17.6,Cloudy
801,2026-02-03 09:00:00,16.3,Sunny
802,2026-02-03 10:00:00,23.4,Sunny
803,2026-02-03 11:00:00,20.4,Sunny
804,2026-02-03 12:00:00,22.9,Rainy
805,2026-02-03 13:00:00,22.5,Cloudy
806,2026-02-03 14:00:00,22.8,Sunny
807,2026-02-03 15:00:00,24.7,Rainy
808,2026-02-03 16:00:00,15.9,Rainy
809,2026-02-03 17:00:00,21.9,Cloudy
810,2026-02-03 18:00:00,24.4,Rainy
811,2026-02-03 19:00:00,18.4,Cloudy
812,2026-02-03 20:00:00,21.6,Sunny
813,2026-02-03 21:00:00,15.5,Rainy
814,2026-02-03 22:00:00,18.7,Rainy
815,2026-02-03 23:00:00,15.9,Sunny
816,2026-02-04 00:00:00,17.9,Rainy
817,2026-02-04 01:00:00,16.4,Sunny
818,2026-02-04 02:00:00,23.7,Rainy
819,2026-02-04 03:00:00,21.2,Sunny
820,2026-02-04 04:00:00,24.7,Cloudy
821,2026-02-04 05:00:00,20.0,Rainy
822,2026-02-04 06:00:00,20.7,Cloudy
823,2026-02-04 07:00:00,23.7,Cloudy
824,2026-02-04 08:00:00,23.1,Rainy
825,2026-02-04 09:00:00,18.7,Cloudy
826,2026-02-04 10:00:00,15.3,Cloudy
827,2026-02-04 11:00:00,18.1,Rainy
828,2026-02-04 12:00:00,22.0,Sunny
829,2026-02-04 13:00:00,23.4,Sunny
830,2026-02-04 14:00:00,21.5,Cloudy
831,2026-02-04 15:00:00,19.8,Cloudy
832,2026-02-04 16:00:00,16.4,Cloudy
833,2026-02-04 17:00:00,22.9,Cloudy
834,2026-02-04 18:00:00,20.1,Sunny
835,2026-02-04 19:00:00,15.4,Sunny
836,2026-02-04 20:00:00,23.6,Rainy
837,2026-02-04 21:00:00,20.0,Rainy
838,2026-02-04 22:00:00,16.6,Rainy
839,2026-02-04 23:00:00,24.9,Rainy
840,2026-02-05 00:00:00,22.0,Rainy
841,2026-02-05 01:00:00,24.6,Sunny
842,2026-02-05 02:00:00,21.8,Rainy
843,2026-02-05 03:00:00,19.6,Sunny
844,2026-02-05 04:00:00,24.5,Cloudy
845,2026-02-05 05:00:00,20.5,Sunny
846,2026-02-05 06:00:00,20.9,Sunny
847,2026-02-05 07:00:00,22.7,Sunny
848,2026-02-05 08:00:00,17.9,Rainy
849,2026-02-05 09:00:00,21.6,Rainy
850,2026-02-05 10:00:00,16.8,Cloudy
851,2026-02-05 11:00:00,19.5,Sunny
852,2026-02-05 12:00:00,18.7,Cloudy
853,2026-02-05 13:00:00,22.8,Cloudy
854,2026-02-05 14:00:00,18.9,Sunny
855,2026-02-05 15:00:00,19.1,Sunny
856,2026-02-05 16:00:00,22.4,Sunny
857,2026-02-05 17:00:00,15.6,Sunny
858,2026-02-05 18:00:00,25.0,Cloudy
859,2026-02-05 19:00:00,25.0,Sunny
860,2026-02-05 20:00:00,24.5,Rainy
861,2026-02-05 21:00:00,24.8,Cloudy
862,2026-02-05 22:00:00,17.2,Cloudy
863,2026-02-05 23:00:00,16.1,Rainy
864,2026-02-06 00:00:00,23.2,Rainy
865,2026-02-06 01:00:00,21.7,Rainy
866,2026-02-06 02:00:00,18.2,Sunny
867,2026-02-06 03:00:00,23.8,Cloudy
868,2026-02-06 04:00:00,16.5,Rainy
869,2026-02-06 05:00:00,16.5,Sunny
870,2026-02-06 06:00:00,15.2,Sunny
871,2026-02-06 07:00:00,18.6,Rainy
872,2026-02-06 08:00:00,20.9,Sunny
873,2026-02-06 09:00:00,22.1,Cloudy
874,2026-02-06 10:00:00,15.9,Rainy
875,2026-02-06 11:00:00,22.1,Cloudy
876,2026-02-06 12:00:00,16.1,Cloudy
877,2026-02-06 13:00:00,19.1,Cloudy
878,2026-02-06 14:00:00,16.7,Rainy
879,2026-02-06 15:00:00,20.9,Sunny
880,2026-02-06 16:00:00,21.2,Rainy
881,2026-02-06 17:00:00,16.1,Sunny
882,2026-02-06 18:00:00,17.2,Cloudy
883,2026-02-06 19:00:00,23.7,Sunny
884,2026-02-06 20:00:00,23.4,Cloudy
885,2026-02-06 21:00:00,23.2,Cloudy
886,2026-02-06 22:00:00,18.5,Sunny
887,2026-02-06 23:00:00,15.0,Sunny
888,2026-02-07 00:00:00,19.4,Sunny
889,2026-02-07 01:00:00,25.0,Sunny
890,2026-02-07 02:00:00,23.5,Rainy
891,2026-02-07 03:00:00,23.5,Rainy
892,2026-02-07 04:00:00,16.9,Sunny
893,2026-02-07 05:00:00,20.6,Rainy
894,2026-02-07 06:00:00,17.9,Cloudy
895,2026-02-07 07:00:00,16.5,Rainy
896,2026-02-07 08:00:00,21.8,Rainy
897,2026-02-07 09:00:00,24.6,Cloudy
898,2026-02-07 10:00:00,19.0,Sunny
899,2026-02-07 11:00:00,23.8,Cloudy
900,2026-02-07 12:00:00,20.0,Rainy
901,2026-02-07 13:00:00,20.5,Rainy
902,2026-02-07 14:00:00,23.2,Sunny
903,2026-02-07 15:00:00,20.7,Sunny
904,2026-02-07 16:00:00,23.6,Cloudy
905,2026-02-07 17:00:00,15.9,Sunny
906,2026-02-07 18:00:00,16.1,Sunny
907,2026-02-07 19:00:00,22.2,Cloudy
908,2026-02-07 20:00:00,15.5,Rainy
909,2026-02-07 21:00:00,24.2,Rainy
910,2026-02-07 22:00:00,18.5,Rainy
911,2026-02-07 23:00:00,16.5,Cloudy
912,2026-02-08 00:00:00,15.3,Sunny
913,2026-02-08 01:00:00,19.0,Cloudy
914,2026-02-08 02:00:00,21.4,Sunny
915,2026-02-08 03:00:00,17.8,Rainy
916,2026-02-08 04:00:00,22.1,Cloudy
917,2026-02-08 05:00:00,16.6,Rainy
918,2026-02-08 06:00:00,21.5,Rainy
919,2026-02-08 07:00:00,24.5,Rainy
920,2026-02-08 08:00:00,17.2,Sunny
921,2026-02-08 09:00:00,21.9,Rainy
922,2026-02-08 10:00:00,19.2,Sunny
923,2026-02-08 11:00:00,16.3,Sunny
924,2026-02-08 12:00:00,16.7,Sunny
925,2026-02-08 13:00:00,18.2,Rainy
926,2026-02-08 14:00:00,22.7,Cloudy
927,2026-02-08 15:00:00,19.0,Rainy
928,2026-02-08 16:00:00,23.1,Rainy
929,2026-02-08 17:00:00,15.3,Rainy
930,2026-02-08 18:00:00,16.5,Cloudy
931,2026-02-08 19:00:00,19.5,Sunny
932,2026-02-08 20:00:00,16.3,Cloudy
933,2026-02-08 21:00:00,23.1,Rainy
934,2026-02-08 22:00:00,20.5,Rainy
935,2026-02-08 23:00:00,16.5,Sunny
936,2026-02-09 00:00:00,21.8,Sunny
937,2026-02-09 01:00:00,15.3,Sunny
938,2026-02-09 02:00:00,24.7,Rainy
939,2026-02-09 03:00:00,20.8,Cloudy
940,2026-02-09 04:00:00,15.1,Sunny
941,2026-02-09 05:00:00,23.4,Sunny
942,2026-02-09 06:00:00,20.7,Rainy
943,2026-02-09 07:00:00,18.6,Sunny
944,2026-02-09 08:00:00,25.0,Cloudy
945,2026-02-09 09:00:00,22.4,Cloudy
946,2026-02-09 10:00:00,19.4,Sunny
947,2026-02-09 11:00:00,16.7,Sunny
948,2026-02-09 12:00:00,23.3,Cloudy
949,2026-02-09 13:00:00,19.1,Cloudy
950,2026-02-09 14:00:00,23.5,Rainy
951,2026-02-09 15:00:00,16.0,Cloudy
952,2026-02-09 16:00:00,20.1,Sunny
953,2026-02-09 17:00:00,22.9,Rainy
954,2026-02-09 18:00:00,19.8,Sunny
955,2026-02-09 19:00:00,22.5,Sunny
956,2026-02-09 20:00:00,20.4,Cloudy
957,2026-02-09 21:00:00,15.1,Sunny
958,2026-02-09 22:00:00,20.1,Sunny
959,2026-02-09 23:00:00,23.6,Sunny
960,2026-02-10 00:00:00,18.2,Rainy
961,2026-02-10 01:00:00,23.3,Rainy
962,2026-02-10 02:00:00,15.8,Rainy
963,2026-02-10 03:00:00,23.4,Rainy
964,2026-02-10 04:00:00,18.7,Sunny
965,2026-02-10 05:00:00,17.7,Cloudy
966,2026-02-10 06:00:00,23.9,Cloudy
967,2026-02-10 07:00:00,18.0,Cloudy
968,2026-02-10 08:00:00,24.8,Sunny
969,2026-02-10 09:00:00,20.2,Cloudy
970,2026-02-10 10:00:00,22.8,Cloudy
971,2026-02-10 11:00:00,18.3,Rainy
972,2026-02-10 12:00:00,18.0,Sunny
973,2026-02-10 13:00:00,23.0,Sunny
974,2026-02-10 14:00:00,15.9,Sunny
975,2026-02-10 15:00:00,15.5,Rainy
976,2026-02-10 16:00:00,23.0,Cloudy
977,2026-02-10 17:00:00,17.6,Sunny
978,2026-02-10 18:00:00,18.9,Rainy
979,2026-02-10 19:00:00,19.2,Rainy
980,2026-02-10 20:00:00,24.5,Rainy
981,2026-02-10 21:00:00,18.2,Cloudy
982,2026-02-10 22:00:00,19.7,Rainy
983,2026-02-10 23:00:00,23.2,Rainy
984,2026-02-11 00:00:00,16.5,Cloudy
985,2026-02-11 01:00:00,15.7,Sunny
986,2026-02-11 02:00:00,23.7,Rainy
987,2026-02-11 03:00:00,21.0,Rainy
988,2026-02-11 04:00:00,15.6,Cloudy
989,2026-02-11 05:00:00,20.9,Cloudy
990,2026-02-11 06:00:00,17.5,Cloudy
991,2026-02-11 07:00:00,15.7,Sunny
992,2026-02-11 08:00:00,24.4,Cloudy
993,2026-02-11 09:00:00,24.7,Rainy
994,2026-02-11 10:00:00,23.5,Rainy
995,2026-02-11 11:00:00,24.0,Rainy
996,2026-02-11 12:00:00,20.6,Cloudy
997,2026-02-11 13:00:00,15.4,Cloudy
998,2026-02-11 14:00:00,24.2,Sunny
999,2026-02-11 15:00:00,20.0,Cloudy
1000,2026-02-11 16:00:00,22.8,Sunny
1001,2026-02-11 17:00:00,17.3,Cloudy
1002,2026-02-11 18:00:00,20.2,Cloudy
1003,2026-02-11 19:00:00,21.5,Sunny
1004,2026-02-11 20:00:00,20.8,Sunny
1005,2026-02-11 21:00:00,16.5,Rainy
1006,2026-02-11 22:00:00,19.8,Rainy
1007,2026-02-11 23:00:00,24.1,Cloudy
1008,2026-02-12 00:00:00,18.1,Cloudy
1009,2026-02-12 01:00:00,20.1,Cloudy
1010,2026-02-12 02:00:00,18.4,Cloudy
1011,2026-02-12 03:00:00,21.6,Cloudy
1012,2026-02-12 04:00:00,23.3,Cloudy
1013,2026-02-12 05:00:00,22.9,Sunny
1014,2026-02-12 06:00:00,21.1,Sunny
1015,2026-02-12 07:00:00,19.3,Rainy
1016,2026-02-12 08:00:00,17.1,Sunny
1017,2026-02-12 09:00:00,16.8,Rainy
1018,2026-02-12 10:00:00,18.5,Cloudy
1019,2026-02-12 11:00:00,21.8,Cloudy
1020,2026-02-12 12:00:00,23.1,Cloudy
1021,2026-02-12 13:00:00,15.7,Sunny
1022,2026-02-12 14:00:00,19.1,Sunny
1023,2026-02-12 15:00:00,15.4,Sunny
1024,2026-02-12 16:00:00,18.6,Cloudy
1025,2026-02-12 17:00:00,22.7,Sunny
1026,2026-02-12 18:00:00,20.2,Sunny
1027,2026-02-12 19:00:00,19.6,Sunny
1028,2026-02-12 20:00:00,24.7,Sunny
1029,2026-02-12 21:00:00,24.3,Rainy
1030,2026-02-12 22:00:00,20.9,Rainy
1031,2026-02-12 23:00:00,24.9,Rainy
1032,2026-02-13 00:00:00,22.8,Sunny
1033,2026-02-13 01:00:00,15.2,Rainy
1034,2026-02-13 02:00:00,20.4,Cloudy
1035,2026-02-13 03:00:00,23.3,Rainy
1036,2026-02-13 04:00:00,20.4,Cloudy
1037,2026-02-13 05:00:00,21.8,Rainy
1038,2026-02-13 06:00:00,21.7,Cloudy
1039,2026-02-13 07:00:00,15.7,Rainy
1040,2026-02-13 08:00:00,21.2,Cloudy
1041,2026-02-13 09:00:00,16.9,Rainy
1042,2026-02-13 10:00:00,22.3,Rainy
1043,2026-02-13 11:00:00,15.5,Cloudy
1044,2026-02-13 12:00:00,21.9,Cloudy
1045,2026-02-13 13:00:00,21.1,Sunny
1046,2026-02-13 14:00:00,19.4,Cloudy
1047,2026-02-13 15:00:00,16.4,Rainy
1048,2026-02-13 16:00:00,22.0,Cloudy
1049,2026-02-13 17:00:00,24.0,Sunny
1050,2026-02-13 18:00:00,22.2,Cloudy
1051,2026-02-13 19:00:00,16.3,Sunny
1052,2026-02-13 20:00:00,24.0,Sunny
1053,2026-02-13 21:00:00,21.9,Rainy
1054,2026-02-13 22:00:00,20.8,Cloudy
1055,2026-02-13 23:00:00,20.2,Sunny
1056,2026-02-14 00:00:00,24.1,Cloudy
1057,2026-02-14 01:00:00,22.3,Cloudy
1058,2026-02-14 02:00:00,23.3,Sunny
1059,2026-02-14 03:00:00,20.3,Rainy
1060,2026-02-14 04:00:00,17.2,Cloudy
1061,2026-02-14 05:00:00,24.9,Rainy
1062,2026-02-14 06:00:00,20.0,Cloudy
1063,2026-02-14 07:00:00,17.0,Sunny
1064,2026-02-14 08:00:00,16.8,Cloudy
1065,2026-02-14 09:00:00,18.0,Sunny
1066,2026-02-14 10:00:00,15.2,Cloudy
1067,2026-02-14 11:00:00,16.2,Rainy
1068,2026-02-14 12:00:00,16.7,Sunny
1069,2026-02-14 13:00:00,18.2,Sunny
1070,2026-02-14 14:00:00,24.5,Rainy
1071,2026-02-14 15:00:00,21.6,Cloudy
1072,2026-02-14 16:00:00,20.5,Sunny
1073,2026-02-14 17:00:00,21.1,Sunny
1074,2026-02-14 18:00:00,22.0,Rainy
1075,2026-02-14 19:00:00,15.2,Rainy
1076,2026-02-14 20:00:00,23.9,Rainy
1077,2026-02-14 21:00:00,19.4,Sunny
1078,2026-02-14 22:00:00,23.3,Rainy
1079,2026-02-14 23:00:00,23.1,Cloudy
1080,2026-02-15 00:00:00,19.7,Cloudy
1081,2026-02-15 01:00:00,25.0,Rainy
1082,2026-02-15 02:00:00,16.1,Cloudy
1083,2026-02-15 03:00:00,18.3,Cloudy
1084,2026-02-15 04:00:00,23.1,Rainy
1085,2026-02-15 05:00:00,16.2,Cloudy
1086,2026-02-15 06:00:00,23.0,Cloudy
1087,2026-02-15 07:00:00,20.9,Sunny
1088,2026-02-15 08:00:00,16.6,Rainy
1089,2026-02-15 09:00:00,22.4,Cloudy
1090,2026-02-15 10:00:00,20.0,Cloudy
1091,2026-02-15 11:00:00,17.5,Rainy
1092,2026-02-15 12:00:00,24.4,Sunny
1093,2026-02-15 13:00:00,17.0,Sunny
1094,2026-02-15 14:00:00,23.1,Cloudy
1095,2026-02-15 15:00:00,24.7,Sunny
1096,2026-02-15 16:00:00,16.6,Cloudy
1097,2026-02-15 17:00:00,17.4,Rainy
1098,2026-02-15 18:00:00,22.8,Cloudy
1099,2026-02-15 19:00:00,21.3,Cloudy
1100,2026-02-15 20:00:00,18.0,Sunny
1101,2026-02-15 21:00:00,20.4,Rainy
1102,2026-02-15 22:00:00,22.5,Cloudy
1103,2026-02-15 23:00:00,23.3,Rainy
1104,2026-02-16 00:00:00,23.3,Rainy
1105,2026-02-16 01:00:00,18.1,Rainy
1106,2026-02-16 02:00:00,23.0,Rainy
1107,2026-02-16 03:00:00,19.0,Cloudy
1108,2026-02-16 04:00:00,16.4,Cloudy
1109,2026-02-16 05:00:00,17.7,Rainy
1110,2026-02-16 06:00:00,16.2,Sunny
1111,2026-02-16 07:00:00,19.3,Rainy
1112,2026-02-16 08:00:00,17.4,Sunny
1113,2026-02-16 09:00:00,21.0,Sunny
1114,2026-02-16 10:00:00,18.7,Cloudy
1115,2026-02-16 11:00:00,20.3,Rainy
1116,2026-02-16 12:00:00,21.7,Rainy
1117,2026-02-16 13:00:00,15.7,Cloudy
1118,2026-02-16 14:00:00,19.4,Sunny
1119,2026-02-16 15:00:00,18.0,Sunny
1120,2026-02-16 16:00:00,20.8,Cloudy
1121,2026-02-16 17:00:00,15.5,Sunny
1122,2026-02-16 18:00:00,23.7,Cloudy
1123,2026-02-16 19:00:00,15.7,Rainy
1124,2026-02-16 20:00:00,23.4,Sunny
1125,2026-02-16 21:00:00,15.3,Sunny
1126,2026-02-16 22:00:00,17.5,Rainy
1127,2026-02-16 23:00:00,19.2,Sunny
1128,2026-02-17 00:00:00,18.9,Sunny
1129,2026-02-17 01:00:00,16.5,Sunny
1130,2026-02-17 02:00:00,15.4,Rainy
1131,2026-02-17 03:00:00,21.7,Rainy
1132,2026-02-17 04:00:00,15.1,Cloudy
1133,2026-02-17 05:00:00,17.8,Sunny
1134,2026-02-17 06:00:00,18.5,Cloudy
1135,2026-02-17 07:00:00,19.0,Sunny
1136,2026-02-17 08:00:00,16.0,Sunny
1137,2026-02-17 09:00:00,15.2,Cloudy
1138,2026-02-17 10:00:00,21.9,Rainy
1139,2026-02-17 11:00:00,24.7,Rainy
1140,2026-02-17 12:00:00,15.5,Cloudy
1141,2026-02-17 13:00:00,19.8,Cloudy
1142,2026-02-17 14:00:00,15.8,Cloudy
1143,2026-02-17 15:00:00,15.4,Sunny
1144,2026-02-17 16:00:00,21.5,Cloudy
1145,2026-02-17 17:00:00,21.2,Sunny
1146,2026-02-17 18:00:00,24.7,Rainy
1147,2026-02-17 19:00:00,20.6,Cloudy
1148,2026-02-17 20:00:00,17.0,Cloudy
1149,2026-02-17 21:00:00,21.1,Rainy
1150,2026-02-17 22:00:00,23.8,Rainy
1151,2026-02-17 23:00:00,20.7,Sunny
1152,2026-02-18 00:00:00,21.5,Rainy
1153,2026-02-18 01:00:00,20.8,Sunny
1154,2026-02-18 02:00:00,20.1,Rainy
1155,2026-02-18 03:00:00,19.9,Rainy
1156,2026-02-18 04:00:00,20.4,Rainy
1157,2026-02-18 05:00:00,22.2,Sunny
1158,2026-02-18 06:00:00,20.6,Cloudy
1159,2026-02-18 07:00:00,24.0,Sunny
1160,2026-02-18 08:00:00,21.0,Sunny
1161,2026-02-18 09:00:00,23.0,Rainy
1162,2026-02-18 10:00:00,18.5,Rainy
1163,2026-02-18 11:00:00,23.9,Cloudy
1164,2026-02-18 12:00:00,17.5,Cloudy
1165,2026-02-18 13:00:00,15.0,Sunny
1166,2026-02-18 14:00:00,18.3,Rainy
1167,2026-02-18 15:00:00,21.0,Cloudy
1168,2026-02-18 16:00:00,19.6,Sunny
1169,2026-02-18 17:00:00,16.6,Rainy
1170,2026-02-18 18:00:00,17.9,Rainy
1171,2026-02-18 19:00:00,18.6,Rainy
1172,2026-02-18 20:00:00,24.7,Rainy
1173,2026-02-18 21:00:00,20.8,Rainy
1174,2026-02-18 22:00:00,16.8,Sunny
1175,2026-02-18 23:00:00,24.4,Rainy
1176,2026-02-19 00:00:00,19.6,Sunny
1177,2026-02-19 01:00:00,22.3,Cloudy
1178,2026-02-19 02:00:00,21.7,Sunny
1179,2026-02-19 03:00:00,24.8,Rainy
1180,2026-02-19 04:00:00,19.4,Rainy
1181,2026-02-19 05:00:00,15.2,Sunny
1182,2026-02-19 06:00:00,17.7,Sunny
1183,2026-02-19 07:00:00,16.1,Rainy
1184,2026-02-19 08:00:00,16.3,Rainy
1185,2026-02-19 09:00:00,18.2,Cloudy
1186,2026-02-19 10:00:00,15.3,Sunny
1187,2026-02-19 11:00:00,16.9,Rainy
1188,2026-02-19 12:00:00,20.3,Sunny
1189,2026-02-19 13:00:00,19.1,Rainy
1190,2026-02-19 14:00:00,21.0,Rainy
1191,2026-02-19 15:00:00,19.7,Sunny
1192,2026-02-19 16:00:00,15.2,Sunny
1193,2026-02-19 17:00:00,22.7,Cloudy
1194,2026-02-19 18:00:00,15.1,Cloudy
1195,2026-02-19 19:00:00,17.0,Cloudy
1196,2026-02-19 20:00:00,24.0,Cloudy
1197,2026-02-19 21:00:00,22.0,Cloudy
1198,2026-02-19 22:00:00,20.3,Cloudy
1199,2026-02-19 23:00:00,21.3,Rainy
1200,2026-02-20 00:00:00,23.2,Cloudy
1201,2026-02-20 01:00:00,16.8,Cloudy
1202,2026-02-20 02:00:00,23.5,Sunny
1203,2026-02-20 03:00:00,19.8,Sunny
1204,2026-02-20 04:00:00,15.5,Cloudy
1205,2026-02-20 05:00:00,18.5,Cloudy
1206,2026-02-20 06:00:00,15.8,Rainy
1207,2026-02-20 07:00:00,19.1,Sunny
1208,2026-02-20 08:00:00,16.6,Sunny
1209,2026-02-20 09:00:00,23.8,Sunny
1210,2026-02-20 10:00:00,15.4,Sunny
1211,2026-02-20 11:00:00,24.0,Cloudy
1212,2026-02-20 12:00:00,16.8,Sunny
1213,2026-02-20 13:00:00,21.2,Rainy
1214,2026-02-20 14:00:00,19.5,Cloudy
1215,2026-02-20 15:00:00,24.5,Rainy
1216,2026-02-20 16:00:00,23.8,Rainy
1217,2026-02-20 17:00:00,21.6,Cloudy
1218,2026-02-20 18:00:00,17.8,Cloudy
1219,2026-02-20 19:00:00,21.9,Cloudy
1220,2026-02-20 20:00:00,16.2,Cloudy
1221,2026-02-20 21:00:00,18.9,Cloudy
1222,2026-02-20 22:00:00,23.9,Rainy
1223,2026-02-20 23:00:00,24.3,Rainy
1224,2026-02-21 00:00:00,17.0,Cloudy
1225,2026-02-21 01:00:00,21.6,Rainy
1226,2026-02-21 02:00:00,21.2,Rainy
1227,2026-02-21 03:00:00,18.8,Rainy
1228,2026-02-21 04:00:00,22.0,Rainy
1229,2026-02-21 05:00:00,24.7,Sunny
1230,2026-02-21 06:00:00,23.8,Sunny
1231,2026-02-21 07:00:00,23.9,Rainy
1232,2026-02-21 08:00:00,22.3,Cloudy
1233,2026-02-21 09:00:00,24.6,Cloudy
1234,2026-02-21 10:00:00,23.6,Cloudy
1235,2026-02-21 11:00:00,15.8,Sunny
1236,2026-02-21 12:00:00,18.5,Sunny
1237,2026-02-21 13:00:00,21.2,Rainy
1238,2026-02-21 14:00:00,17.2,Sunny
1239,2026-02-21 15:00:00,22.0,Cloudy
1240,2026-02-21 16:00:00,17.4,Sunny
1241,2026-02-21 17:00:00,20.9,Sunny
1242,2026-02-21 18:00:00,16.2,Sunny
1243,2026-02-21 19:00:00,22.1,Sunny
1244,2026-02-21 20:00:00,18.2,Sunny
1245,2026-02-21 21:00:00,19.5,Cloudy
1246,2026-02-21 22:00:00,21.4,Rainy
1247,2026-02-21 23:00:00,24.9,Cloudy
1248,2026-02-22 00:00:00,19.8,Sunny
1249,2026-02-22 01:00:00,20.1,Rainy
1250,2026-02-22 02:00:00,17.3,Sunny
1251,2026-02-22 03:00:00,19.7,Cloudy
1252,2026-02-22 04:00:00,15.3,Rainy
1253,2026-02-22 05:00:00,24.2,Rainy
1254,2026-02-22 06:00:00,15.1,Cloudy
1255,2026-02-22 07:00:00,21.3,Sunny
1256,2026-02-22 08:00:00,21.7,Cloudy
1257,2026-02-22 09:00:00,19.1,Rainy
1258,2026-02-22 10:00:00,24.6,Cloudy
1259,2026-02-22 11:00:00,24.7,Rainy
1260,2026-02-22 12:00:00,19.3,Rainy
1261,2026-02-22 13:00:00,23.1,Rainy
1262,2026-02-22 14:00:00,17.2,Cloudy
1263,2026-02-22 15:00:00,25.0,Rainy
1264,2026-02-22 16:00:00,17.1,Cloudy
1265,2026-02-22 17:00:00,17.8,Cloudy
1266,2026-02-22 18:00:00,15.5,Sunny
1267,2026-02-22 19:00:00,25.0,Cloudy
1268,2026-02-22 20:00:00,22.2,Cloudy
1269,2026-02-22 21:00:00,22.6,Sunny
1270,2026-02-22 22:00:00,16.8,Sunny
1271,2026-02-22 23:00:00,23.6,Sunny
1272,2026-02-23 00:00:00,20.6,Rainy
1273,2026-02-23 01:00:00,18.1,Rainy
1274,2026-02-23 02:00:00,20.4,Cloudy
1275,2026-02-23 03:00:00,23.9,Cloudy
1276,2026-02-23 04:00:00,19.0,Cloudy
1277,2026-02-23 05:00:00,17.8,Sunny
1278,2026-02-23 06:00:00,20.2,Rainy
1279,2026-02-23 07:00:00,18.6,Sunny
1280,2026-02-23 08:00:00,19.7,Sunny
1281,2026-02-23 09:00:00,22.2,Sunny
1282,2026-02-23 10:00:00,20.8,Rainy
1283,2026-02-23 11:00:00,20.4,Rainy
1284,2026-02-23 12:00:00,17.1,Cloudy
1285,2026-02-23 13:00:00,18.8,Cloudy
1286,2026-02-23 14:00:00,24.7,Sunny
1287,2026-02-23 15:00:00,17.3,Sunny
1288,2026-02-23 16:00:00,17.6,Cloudy
1289,2026-02-23 17:00:00,18.8,Sunny
1290,2026-02-23 18:00:00,21.7,Sunny
1291,2026-02-23 19:00:00,23.9,Sunny
1292,2026-02-23 20:00:00,18.5,Sunny
1293,2026-02-23 21:00:00,15.9,Cloudy
1294,2026-02-23 22:00:00,15.7,Sunny
1295,2026-02-23 23:00:00,23.8,Rainy
1296,2026-02-24 00:00:00,19.0,Rainy
1297,2026-02-24 01:00:00,16.2,Cloudy
1298,2026-02-24 02:00:00,18.3,Cloudy
1299,2026-02-24 03:00:00,16.5,Cloudy
1300,2026-02-24 04:00:00,17.9,Cloudy
1301,2026-02-24 05:00:00,17.5,Cloudy
1302,2026-02-24 06:00:00,23.9,Cloudy
1303,2026-02-24 07:00:00,17.6,Sunny
1304,2026-02-24 08:00:00,18.1,Cloudy
1305,2026-02-24 09:00:00,16.7,Sunny
1306,2026-02-24 10:00:00,19.7,Rainy
1307,2026-02-24 11:00:00,24.4,Rainy
1308,2026-02-24 12:00:00,20.6,Sunny
1309,2026-02-24 13:00:00,19.7,Rainy
1310,2026-02-24 14:00:00,17.3,Sunny
1311,2026-02-24 15:00:00,16.0,Cloudy
1312,2026-02-24 16:00:00,21.5,Rainy
1313,2026-02-24 17:00:00,16.0,Rainy
1314,2026-02-24 18:00:00,19.8,Rainy
1315,2026-02-24 19:00:00,16.3,Sunny
1316,2026-02-24 20:00:00,16.5,Rainy
1317,2026-02-24 21:00:00,15.6,Sunny
1318,2026-02-24 22:00:00,15.4,Cloudy
1319,2026-02-24 23:00:00,24.5,Rainy
1320,2026-02-25 00:00:00,22.1,Rainy
1321,2026-02-25 01:00:00,23.2,Cloudy
1322,2026-02-25 02:00:00,24.4,Cloudy
1323,2026-02-25 03:00:00,22.0,Cloudy
1324,2026-02-25 04:00:00,21.6,Rainy
1325,2026-02-25 05:00:00,19.0,Rainy
1326,2026-02-25 06:00:00,21.4,Rainy
1327,2026-02-25 07:00:00,21.6,Sunny
1328,2026-02-25 08:00:00,21.8,Cloudy
1329,2026-02-25 09:00:00,23.5,Rainy
1330,2026-02-25 10:00:00,15.5,Sunny
1331,2026-02-25 11:00:00,16.0,Cloudy
1332,2026-02-25 12:00:00,24.5,Cloudy
1333,2026-02-25 13:00:00,15.2,Cloudy
1334,2026-02-25 14:00:00,16.7,Sunny
1335,2026-02-25 15:00:00,24.6,Sunny
1336,2026-02-25 16:00:00,19.5,Rainy
1337,2026-02-25 17:00:00,21.0,Cloudy
1338,2026-02-25 18:00:00,23.1,Cloudy
1339,2026-02-25 19:00:00,19.6,Cloudy
1340,2026-02-25 20:00:00,20.3,Sunny
1341,2026-02-25 21:00:00,23.4,Rainy
1342,2026-02-25 22:00:00,23.9,Sunny
1343,2026-02-25 23:00:00,18.5,Sunny
1344,2026-02-26 00:00:00,20.4,Rainy
1345,2026-02-26 01:00:00,16.3,Sunny
1346,2026-02-26 02:00:00,19.1,Cloudy
1347,2026-02-26 03:00:00,17.3,Sunny
1348,2026-02-26 04:00:00,20.7,Rainy
1349,2026-02-26 05:00:00,15.6,Rainy
1350,2026-02-26 06:00:00,21.5,Sunny
1351,2026-02-26 07:00:00,16.9,Sunny
1352,2026-02-26 08:00:00,17.7,Sunny
1353,2026-02-26 09:00:00,20.1,Cloudy
1354,2026-02-26 10:00:00,23.4,Sunny
1355,2026-02-26 11:00:00,23.7,Rainy
1356,2026-02-26 12:00:00,22.9,Rainy
1357,2026-02-26 13:00:00,22.3,Rainy
1358,2026-02-26 14:00:00,20.1,Rainy
1359,2026-02-26 15:00:00,20.0,Sunny
1360,2026-02-26 16:00:00,22.3,Rainy
1361,2026-02-26 17:00:00,18.9,Rainy
1362,2026-02-26 18:00:00,24.5,Rainy
1363,2026-02-26 19:00:00,21.8,Cloudy
1364,2026-02-26 20:00:00,19.2,Rainy
1365,2026-02-26 21:00:00,19.7,Cloudy
1366,2026-02-26 22:00:00,21.5,Sunny
1367,2026-02-26 23:00:00,22.4,Sunny
1368,2026-02-27 00:00:00,15.8,Cloudy
1369,2026-02-27 01:00:00,21.4,Rainy
1370,2026-02-27 02:00:00,16.0,Rainy
1371,2026-02-27 03:00:00,17.8,Cloudy
1372,2026-02-27 04:00:00,18.7,Sunny
1373,2026-02-27 05:00:00,22.6,Sunny
1374,2026-02-27 06:00:00,18.1,Rainy
1375,2026-02-27 07:00:00,19.3,Sunny
1376,2026-02-27 08:00:00,20.6,Rainy
1377,2026-02-27 09:00:00,19.8,Cloudy
1378,2026-02-27 10:00:00,23.0,Rainy
1379,2026-02-27 11:00:00,21.1,Cloudy
1380,2026-02-27 12:00:00,21.6,Cloudy
1381,2026-02-27 13:00:00,24.7,Cloudy
1382,2026-02-27 14:00:00,24.9,Rainy
1383,2026-02-27 15:00:00,15.3,Sunny
1384,2026-02-27 16:00:00,21.8,Rainy
1385,2026-02-27 17:00:00,23.3,Cloudy
1386,2026-02-27 18:00:00,16.0,Rainy
1387,2026-02-27 19:00:00,17.2,Rainy
1388,2026-02-27 20:00:00,17.8,Rainy
1389,2026-02-27 21:00:00,15.7,Rainy
1390,2026-02-27 22:00:00,22.8,Rainy
1391,2026-02-27 23:00:00,21.9,Cloudy
1392,2026-02-28 00:00:00,23.7,Rainy
1393,2026-02-28 01:00:00,20.1,Sunny
1394,2026-02-28 02:00:00,23.6,Rainy
1395,2026-02-28 03:00:00,15.7,Cloudy
1396,2026-02-28 04:00:00,20.0,Sunny
1397,2026-02-28 05:00:00,21.6,Rainy
1398,2026-02-28 06:00:00,21.6,Sunny
1399,2026-02-28 07:00:00,19.5,Cloudy
1400,2026-02-28 08:00:00,19.2,Cloudy
1401,2026-02-28 09:00:00,21.0,Sunny
1402,2026-02-28 10:00:00,24.1,Sunny
1403,2026-02-28 11:00:00,19.7,Sunny
1404,2026-02-28 12:00:00,23.7,Rainy
1405,2026-02-28 13:00:00,21.3,Rainy
1406,2026-02-28 14:00:00,15.8,Sunny
1407,2026-02-28 15:00:00,21.9,Cloudy
1408,2026-02-28 16:00:00,16.3,Cloudy
1409,2026-02-28 17:00:00,18.9,Cloudy
1410,2026-02-28 18:00:00,15.4,Rainy
1411,2026-02-28 19:00:00,16.8,Sunny
1412,2026-02-28 20:00:00,17.2,Cloudy
1413,2026-02-28 21:00:00,16.0,Sunny
1414,2026-02-28 22:00:00,22.6,Rainy
1415,2026-02-28 23:00:00,23.1,Cloudy
1416,2026-03-01 00:00:00,22.2,Sunny
1417,2026-03-01 01:00:00,22.6,Rainy
1418,2026-03-01 02:00:00,19.7,Cloudy
1419,2026-03-01 03:00:00,16.3,Cloudy
1420,2026-03-01 04:00:00,23.7,Sunny
1421,2026-03-01 05:00:00,21.2,Cloudy
1422,2026-03-01 06:00:00,18.6,Rainy
1423,2026-03-01 07:00:00,18.0,Rainy
1424,2026-03-01 08:00:00,24.9,Sunny
1425,2026-03-01 09:00:00,18.7,Sunny
1426,2026-03-01 10:00:00,18.4,Sunny
1427,2026-03-01 11:00:00,17.1,Sunny
1428,2026-03-01 12:00:00,15.1,Cloudy
1429,2026-03-01 13:00:00,19.9,Sunny
1430,2026-03-01 14:00:00,16.7,Rainy
1431,2026-03-01 15:00:00,15.7,Sunny
1432,2026-03-01 16:00:00,22.8,Rainy
1433,2026-03-01 17:00:00,22.2,Cloudy
1434,2026-03-01 18:00:00,21.3,Rainy
1435,2026-03-01 19:00:00,15.3,Rainy
1436,2026-03-01 20:00:00,18.9,Cloudy
1437,2026-03-01 21:00:00,19.4,Rainy
1438,2026-03-01 22:00:00,17.8,Rainy
1439,2026-03-01 23:00:00,17.1,Sunny
